Name,time,review
Akhil Das,3 weeks ago,"ISOLS - Great team, truly professional. Created fantastic website more than what I expected. Great team work and well coordinated with me while creating my web site. Matching all my requirements."
Ayush Bhatnagar,a month ago,Iâ€™m impressed by the teamâ€™s professionalism and creativity. They understood my thought process so well and turned it into a website that perfectly brings my vision to life.
Megha Verma,5 years ago,Great place to work. Amazing work environment. I visited there for a fashion shoot for rkgphotopedia. It is located in Sector 45 gurgaon. This four floor building is an exciting place to be and meet innovative people. The people working here are very co-operating.
Ayush Bhatnagar,Edited a month ago,My website is finally bringing in clients.Digital marketing truly works â€” thank you Team ISOLS for the fantastic service!
Sunil kumar,4 years ago,I am thrilled to have such a terrific group and I thank Mr Sawan Jain for being truly honest in completing  my project in time. Your dedication & diligence are unmatchable. â€¦
satyam,a year ago,"The team exhibited utmost professionalism while constructing my website, accurately capturing and reflecting my thought process. Their work truly did justice to my vision."
Tanishk Gupta,9 years ago,Amazing experience. Their services are just awesome and they are doing a great job in this area. A one stop where you find all your solutions and better opportunity furthur. Well done guys.
KAMAL Sethi,7 years ago,These people are cheats and provide no service after taking the money. They took rs. 70000 from me for two projects but never delivered any of the projects. Please donâ€™t fall prey by taking services from isols group. Worst ever service â€¦
Archie Nandi,9 years ago,It is truly splendid to watch them devote themselves to solely satisfy their customers. They are doing a great job in this area. Wish them lots to success and achievements in near future.
Taran Jyot Singh,4 years ago,It was an amazing experience with Sawan jain sir. He helped me a lot with my queries and setting up my payment link at Razorpay. Also he was always available to help me out anytime I ask him for. It was pleasure to seek your help sir. ðŸ˜Š
